Title,Image URL,Text
Сустракай новы HONOR 50,https://imgproxy.onliner.by/emmgsIIvjyHFyySZv5_NDMhyzssJpD3ciS_o7ueuzWQ/rt:fill/s:748:310/aHR0cHM6Ly9jb250/ZW50Lm9ubGluZXIu/Ynkvd2lkZ2V0L3Rp/bGVzLzF4MS9kOGQ1/NjE2NzEyN2U1YmIx/NWM3ZjM0ZjE1MmVh/MDc3NS5qcGVn.jpg,З усталяванымi сэрвicамi Google
Черная пятница,https://imgproxy.onliner.by/0zIm2iievIdqr4oJ5izHaPWkx6wnSjnew0XlG1otenc/rt:fill/s:748:310/aHR0cHM6Ly9jb250/ZW50Lm9ubGluZXIu/Ynkvd2lkZ2V0L3Rp/bGVzLzF4MS80Yjg5/MGQxNTIyMWRlNzI3/YThmMmQzZDE3OTkx/OWI4NC5qcGVn.jpg,Акционные товары до 70 рублей
"«Жду, что муж вернется»",https://imgproxy.onliner.by/BQpJdF54tEOomY5HU-uKPmyJpvZjEln471YBCMoNS7Q/rt:fill/s:748:310/aHR0cHM6Ly9jb250/ZW50Lm9ubGluZXIu/Ynkvd2lkZ2V0L3Rp/bGVzLzF4MS85Njk5/NzdiMDM5YTAxMTRi/YmZiYWI5OWYwMzgx/YTU5NC5qcGVn.jpg,"Родные о белорусах, разбившихся под Иркутском"
4 причины купить Lada XRAY,https://imgproxy.onliner.by/x34Mwfcye6ESMj5NIwcQnk54RSG-MHgts-nvJj64yDQ/rt:fill/s:748:310/aHR0cHM6Ly9jb250/ZW50Lm9ubGluZXIu/Ynkvd2lkZ2V0L3Rp/bGVzLzF4MS8zMmFk/YzYzZDVhNTJkOWUw/MTA2MGRkNDBmMjM3/ZWMyMC5qcGVn.jpg,"в ноябре на Серова, 1"
Черная пятница,https://imgproxy.onliner.by/Lu7pjEc81sBRnMqPI-TS6YYIi7L7pipHZrTGSNAVclw/rt:fill/s:748:310/aHR0cHM6Ly9jb250/ZW50Lm9ubGluZXIu/Ynkvd2lkZ2V0L3Rp/bGVzLzF4MS84YmFl/YzBmYmZjYmI5MWEw/YWJjZTRmNGIyOWM2/YWYzZi5qcGVn.jpg,"Лучшие скидки на смартфоны, чехлы и зарядные"
Черная пятница,https://imgproxy.onliner.by/FN31YdabBifw0cgKXxVGeucsA625MrcS7vud8k28hZ0/rt:fill/s:748:310/aHR0cHM6Ly9jb250/ZW50Lm9ubGluZXIu/Ynkvd2lkZ2V0L3Rp/bGVzLzF4MS9lNzdm/Y2I4OWEzYTYxZjI0/ZjlhYmI3MTQ5OWFj/NWI4YS5qcGVn.jpg,Лучшие скидки на встраиваемую технику
LG OLED evo 2021,https://imgproxy.onliner.by/xaL7DSa_WN0yKFrkAD8K2jZNTKWBg39jnfjt-wafP48/rt:fill/s:748:310/aHR0cHM6Ly9jb250/ZW50Lm9ubGluZXIu/Ynkvd2lkZ2V0L3Rp/bGVzLzF4MS8zOTE2/ZmU1NDNmYzM4Mjc5/MGJjODU2ZGQ4OTM0/NDI3OS5qcGVn.jpg,Сделает ваш мир ярче!
Черная пятница,https://imgproxy.onliner.by/L1gbruJ7p3sUvBntMC4hY3gvJEGKMCw6pCIu1U-y46E/rt:fill/s:748:310/aHR0cHM6Ly9jb250/ZW50Lm9ubGluZXIu/Ynkvd2lkZ2V0L3Rp/bGVzLzF4MS9lZGMy/NzFkMjM0NDViYjRi/OWFkZGUyMTA2NjFk/MTZkNi5qcGVn.jpg,Лучшие телевизоры и акустика
Черная пятница,https://imgproxy.onliner.by/w6nOhdaKlMDeOR2k4CFwI-PN2zXqzSD8IgJCF4CU8LM/rt:fill/s:748:310/aHR0cHM6Ly9jb250/ZW50Lm9ubGluZXIu/Ynkvd2lkZ2V0L3Rp/bGVzLzF4MS9jMjdj/Mjg2ZmU4Y2I1MzJk/YmQ1ZDk2OWVmZjZi/NjQ0Zi5qcGVn.jpg,Лучшие ноутбуки
Черная пятница,https://imgproxy.onliner.by/41itMiqBwPVs3C997MC2eTOuIKtIT4qEW3HJFZ5D7e8/rt:fill/s:748:310/aHR0cHM6Ly9jb250/ZW50Lm9ubGluZXIu/Ynkvd2lkZ2V0L3Rp/bGVzLzF4MS9kYTdh/MTU4NzM2ODg0YTIx/YzQwOTM2OTM5ZjY5/OWE4NC5qcGVn.jpg,Лучшие наушники
LG OLED evo 2021,https://imgproxy.onliner.by/xaL7DSa_WN0yKFrkAD8K2jZNTKWBg39jnfjt-wafP48/rt:fill/s:748:310/aHR0cHM6Ly9jb250/ZW50Lm9ubGluZXIu/Ynkvd2lkZ2V0L3Rp/bGVzLzF4MS8zOTE2/ZmU1NDNmYzM4Mjc5/MGJjODU2ZGQ4OTM0/NDI3OS5qcGVn.jpg,Сделает ваш мир ярче!
Лучшие товары для кухни,https://imgproxy.onliner.by/XXbR0wkHNLTutRBt71oc77DExfoUr-kJWLCR_jmc76Q/rt:fill/s:748:310/aHR0cHM6Ly9jb250/ZW50Lm9ubGluZXIu/Ynkvd2lkZ2V0L3Rp/bGVzLzF4MS9mMzMx/NmZlN2I2OWRkM2Zi/YmQyNzM4MDJhMjNk/ODQyMS5qcGVn.jpg,""
Лучшие товары для геймеров,https://imgproxy.onliner.by/pMk3X1CzYbIYt8I4xk07qD64hNgEu38pLsAK4lbuHtE/rt:fill/s:748:310/aHR0cHM6Ly9jb250/ZW50Lm9ubGluZXIu/Ynkvd2lkZ2V0L3Rp/bGVzLzF4MS80ZGNh/MmE4NmNiZTdiZDM5/M2U4ZTRiYTIzMTll/ZTBlYy5qcGVn.jpg,""
Лучшие наушники,https://imgproxy.onliner.by/Rx2KC4Zs8P4xq5LB7V7qk_WAKt8ROfK4FTBZ6VxnijA/rt:fill/s:748:310/aHR0cHM6Ly9jb250/ZW50Lm9ubGluZXIu/Ynkvd2lkZ2V0L3Rp/bGVzLzF4MS9lNTc3/OWM0YjJhYTJiZTI0/NDRhNmZhMzIxMDBl/YTA1Ny5qcGVn.jpg,""
Лучшие часы,https://imgproxy.onliner.by/omFAEP39WQb8JdfWSTZFrebteP0Qg5lm-Q0HWTOXP-g/rt:fill/s:748:310/aHR0cHM6Ly9jb250/ZW50Lm9ubGluZXIu/Ynkvd2lkZ2V0L3Rp/bGVzLzF4MS8zZmNi/YTk3MTFlYzE2MjM3/MTExZGI5NWUzYmEy/ZTYwMi5qcGVn.jpg,""
Лучшие ноутбуки,https://imgproxy.onliner.by/BqFCs0rMmGEkvXkaGPJ90A2fLtSDQqIuviW4hGCezZc/rt:fill/s:748:310/aHR0cHM6Ly9jb250/ZW50Lm9ubGluZXIu/Ynkvd2lkZ2V0L3Rp/bGVzLzF4MS84MGQx/ZDljOTBjMjEwYzU1/N2QzMzRjYzNhM2M0/OWMwMi5qcGVn.jpg,""
Драка в кафе и секс-марафон,https://imgproxy.onliner.by/wUyAE9B_Zeu5I04maowDnULNM3GNfIC6-XESzDY5Jbc/rt:fill/s:748:610/aHR0cHM6Ly9jb250/ZW50Lm9ubGluZXIu/Ynkvd2lkZ2V0L3Rp/bGVzLzF4Mi9jOWFj/NDI2YjA5MjFmY2E3/YjJhMmU2OTkxN2Q4/NmVkMS5qcGVn.jpg,"Топ скандалов, в которые попадали известные спортсмены"
Самые нелепые ошибки футбольных вратарей,https://imgproxy.onliner.by/wrsbIlwuNKJzQHaRe1hGgZ7X4f0ak4pX5sOrWwRV8iQ/rt:fill/s:748:610/aHR0cHM6Ly9jb250/ZW50Lm9ubGluZXIu/Ynkvd2lkZ2V0L3Rp/bGVzLzF4Mi80Zjhk/MjRlNGE4MDAxY2E5/YjE0OWE3ZDdmZmI5/MGFiYS5qcGVn.jpg,которые повлияли на результат игры
Околофутбольный хейт,https://imgproxy.onliner.by/T6XlpuSU5yQgucuykubn1BsJM5wzQnZ1_5O16Z3eS40/rt:fill/s:748:610/aHR0cHM6Ly9jb250/ZW50Lm9ubGluZXIu/Ynkvd2lkZ2V0L3Rp/bGVzLzF4Mi84ZDQw/MDU3ZmI0MzcxMzVk/Zjk1MDg5ZmQyN2M2/NGU0OS5qcGVn.jpg,Почему болельщики разных команд ненавидят друг друга
Топ-5 скандальных судейских ошибок,https://imgproxy.onliner.by/IfI2No6nSJlB_Os7AwwvxsV27ZIkEC-t3baaAGm7nZc/rt:fill/s:748:310/aHR0cHM6Ly9jb250/ZW50Lm9ubGluZXIu/Ynkvd2lkZ2V0L3Rp/bGVzLzF4MS8xZGJk/NjlhZDk4YTRmZGJi/MGRkOWRhZWYwNWRm/MWExMi5qcGVn.jpg,которые повлияли на результат
Футбол между тусовками,https://imgproxy.onliner.by/VC31prBeS_kK1Ssyh23H8AqpuR8gsHzr3xWvlg7EkEM/rt:fill/s:748:310/aHR0cHM6Ly9jb250/ZW50Lm9ubGluZXIu/Ynkvd2lkZ2V0L3Rp/bGVzLzF4MS8xNjU3/MDZjNjk5ZWQyYjBl/NTE0ODAwMjY3MzNj/MjBhNi5qcGVn.jpg,"История игрока, превратившего свою жизнь в  большую пьянку"
Залипнуть на месяц,https://imgproxy.onliner.by/ivcnM2O9hNhSKsZjIES45lIkjr1ytRcgPlKWq34hBts/rt:fill/s:748:610/aHR0cHM6Ly9jb250/ZW50Lm9ubGluZXIu/Ynkvd2lkZ2V0L3Rp/bGVzLzF4Mi9jYzI2/OGIwOTkzODI5YTZj/ZTExZDQ3ZGExZjhi/MjdhNC5qcGVn.jpg,Самые длинные сериалы в истории
Тест,https://imgproxy.onliner.by/nZlkOjtNYwGzsMY5oQorO_fF-phOYc2O-Btye16qyAw/rt:fill/s:748:610/aHR0cHM6Ly9jb250/ZW50Lm9ubGluZXIu/Ynkvd2lkZ2V0L3Rp/bGVzLzF4Mi9iOTJh/M2JkZWIwZGNmNzM2/ODIzZDI0NTg5OWQ4/OTllZi5qcGVn.jpg,Как хорошо вы знаете Беларусь из голливудских фильмов и сериалов?
Directed by Robert B. Weide,https://imgproxy.onliner.by/8ab67o0BEViqYxW4rsDnntSgsBPQ8EqB0oQp3s28d_c/rt:fill/s:748:610/aHR0cHM6Ly9jb250/ZW50Lm9ubGluZXIu/Ynkvd2lkZ2V0L3Rp/bGVzLzF4Mi8zMzk4/MTMyZGUzMDA0NzRj/MDIyZTI5YWUxMzY4/MjI2My5qcGVn.jpg,"Мемы, которые пришли в сеть из сериалов"
Богатые наследники и стажеры банка,https://imgproxy.onliner.by/6k8f1KbHLBYTmulG6PwzkBgp2G1zrZWwuoG4jl5I_xo/rt:fill/s:748:610/aHR0cHM6Ly9jb250/ZW50Lm9ubGluZXIu/Ynkvd2lkZ2V0L3Rp/bGVzLzF4Mi85NGMz/ZThiOWIzNmQyNmM0/OTNmZjdhNGRlZDM1/MzNkNy5qcGVn.jpg,Топ крутых сериалов про деньги
"Быстрый выкуп ноутбуков, нетбуков, ПК",https://imgproxy.onliner.by/AfzDgRFhMZoNGeLHzCgCJIXNuCpuZD0EhyEd_iC8z5E/rt:fill/s:748:610/aHR0cHM6Ly9jb250/ZW50Lm9ubGluZXIu/Ynkvd2lkZ2V0L3Rp/bGVzLzF4Mi85ZDJm/YTliNDY4ZWQ5MTM5/YjcwYWNlM2RkZDgy/NGJmNC5qcGVn.jpg,""
"Быстрый выкуп xBox, PlayStation, Nintendo, PSP и др.",https://imgproxy.onliner.by/7ocHn2csIAjxrvPjHFRpfpYA7VeUlSIflbFq2ES6bhw/rt:fill/s:748:610/aHR0cHM6Ly9jb250/ZW50Lm9ubGluZXIu/Ynkvd2lkZ2V0L3Rp/bGVzLzF4Mi9iMGQz/YzA1ZTRjMzA3YmZh/NDAyODYxOGNiN2E4/OGQ3NC5qcGVn.jpg,Работаем официально!
Купим ваш телефон дорого,https://imgproxy.onliner.by/M1Tx9akH17WeLAarlAj3QH0tuxySNDtlYXcQeMGJuTI/rt:fill/s:748:610/aHR0cHM6Ly9jb250/ZW50Lm9ubGluZXIu/Ynkvd2lkZ2V0L3Rp/bGVzLzF4Mi9kMGNl/MmZjNmM2YmMzOWEx/OTcwZTM3M2E4MGFi/MDg3MC5qcGVn.jpg,Деньги сразу же!
"iPhone, iPad, Macbook, Watch, AirPods.",https://imgproxy.onliner.by/M5uocWLEmW-E16jwLDuRdY6bZmF2-eVUtUYrn-5yEDo/rt:fill/s:748:610/aHR0cHM6Ly9jb250/ZW50Lm9ubGluZXIu/Ynkvd2lkZ2V0L3Rp/bGVzLzF4Mi9mYWVj/MmQ2MDEyM2U5OWYy/MDg1ZjAwMWJhNjBh/ZGQzMy5qcGVn.jpg,Лучшая цена!
"Новые iPhone, MacBook, Watch, AirPods, iPad",https://imgproxy.onliner.by/uSmjC3ccQCHpXWYHYSPaDqdhQgMXKh35vp456cHWPQ4/rt:fill/s:748:610/aHR0cHM6Ly9jb250/ZW50Lm9ubGluZXIu/Ynkvd2lkZ2V0L3Rp/bGVzLzF4Mi9jMjdm/MzYyZmJjNDQyNWIy/NjNmZGNlMTFmYzY4/YTQ0Yi5qcGVn.jpg,Подарки + доставка
Новые iPhone 12 mini 64GB 128GB,https://imgproxy.onliner.by/LKohq3AuQS5gJEngVUnXCH81c7HVrwTTWFX7pu__E6k/rt:fill/s:748:610/aHR0cHM6Ly9jb250/ZW50Lm9ubGluZXIu/Ynkvd2lkZ2V0L3Rp/bGVzLzF4Mi9lMmJi/N2E3MDYyZDE2Nzk3/NWM3NDA5YTM5N2Zm/YWYyMS5qcGVn.jpg,Гарантия+подарки+доставка
"Аксессуары для техники Apple: iPhone, iPad, Watch, AirPods!",https://imgproxy.onliner.by/La6rg1WDDXQpJp6TzkaDSKw1-3UddToL5ynw5DzHgds/rt:fill/s:748:610/aHR0cHM6Ly9jb250/ZW50Lm9ubGluZXIu/Ynkvd2lkZ2V0L3Rp/bGVzLzF4Mi85NDky/OThkNTBjZmZhN2Fh/YjA0ODdmNjU5ZGVl/NzIwMy5qcGVn.jpg,"Чехлы, защитные стекла и многое другое!"
"Новые iPhone 13, iPad Mini 6, Watch 7, AirPods 3, MacBook Pr.",https://imgproxy.onliner.by/-QgWDkPNcsKygkMq8HpHbzuJnNzbgO53Fy4R_ciGB00/rt:fill/s:748:610/aHR0cHM6Ly9jb250/ZW50Lm9ubGluZXIu/Ynkvd2lkZ2V0L3Rp/bGVzLzF4Mi9iODJh/MTM1OThmNDU1NDdi/M2RjZWE2Zjc5Yjg3/OThkNS5qcGVn.jpg,100% оригинал!
iPhone Xr 64/128/256 - все цвета,https://imgproxy.onliner.by/-lkujLWK_dOIoD-TgqWH_nRKeEtII9_UZiscZM_ezwM/rt:fill/s:748:610/aHR0cHM6Ly9jb250/ZW50Lm9ubGluZXIu/Ynkvd2lkZ2V0L3Rp/bGVzLzF4Mi8xYmU4/MjVjZWY0OGE5ZGNk/OGI2NDhlNzNmYjE0/ODNlNC5qcGVn.jpg,Гарантия Apple 1 год + 14 дней на проверку
Все модели: iPhone / MacBook / iPad / Watch / AirPods,https://imgproxy.onliner.by/GIEIcF1Q8gVMw-0vH1elfEOMfFUiP_IIW5ZIU4xoM_E/rt:fill/s:748:610/aHR0cHM6Ly9jb250/ZW50Lm9ubGluZXIu/Ynkvd2lkZ2V0L3Rp/bGVzLzF4Mi9mZWU2/ZGY5YWZkOWJmM2Ey/YWVhZGQ4NmEyMmNh/NjZlYS5qcGVn.jpg,Гарантия Apple + 14 дней на проверку
Apple iPhone iPad iMac Macbook Pro Air iWatch AirPods 2 TV,https://imgproxy.onliner.by/TGhvCHsf9RHzZO6uEmBlpz_HAkPDWFIXd-9WWVqF4cU/rt:fill/s:748:610/aHR0cHM6Ly9jb250/ZW50Lm9ubGluZXIu/Ynkvd2lkZ2V0L3Rp/bGVzLzF4Mi9iNDEx/YmY0NGI5Yjk2YjYw/Y2U3MDJkMTE2Yzkw/NTZlOS5qcGVn.jpg,Быстрая доставка! Качественные подарки!
Новые iPhone 13 12 11 Pro MAX Mini SE XR XS,https://imgproxy.onliner.by/KLwYFosLWfgsXgkHiYKnaCyjBL09IB-RrR9KeHp7RTw/rt:fill/s:748:610/aHR0cHM6Ly9jb250/ZW50Lm9ubGluZXIu/Ynkvd2lkZ2V0L3Rp/bGVzLzF4Mi84Mzkz/ZjliODRkMzUxODk1/YjVkNTAyMGM2Mzkx/ZGEyNS5qcGVn.jpg,Быстрая доставка! Качественные подарки!
Согласование перепланировки квартиры!,https://imgproxy.onliner.by/ZaiOPL9VZ33flYwZZXxfgRwP1V8AFtI_pGDqDHhX2y4/rt:fill/s:748:610/aHR0cHM6Ly9jb250/ZW50Lm9ubGluZXIu/Ynkvd2lkZ2V0L3Rp/bGVzLzF4Mi82NGE3/NmIxMjk5MjIxYTY3/YzkyOWZhZWU2YWRj/YzFjMy5qcGVn.jpg,Проект перепланировки.
Кровельщики! Все виды кровельных работ!,https://imgproxy.onliner.by/_PXwIBZ5wBCZK8HCtxACBh3qEVxfEeLGKEUs-Vxk8Ig/rt:fill/s:748:610/aHR0cHM6Ly9jb250/ZW50Lm9ubGluZXIu/Ynkvd2lkZ2V0L3Rp/bGVzLzF4Mi84ODIx/ZTRjMmZhMmMzMGJm/Y2EzYWQxNDdkNTdl/MzcyMS5qcGVn.jpg,Любой сложности!
Организация дохода от майнинга криптовалют,https://imgproxy.onliner.by/vDNDTBJTbjVKZmS1iZ9m96noqmAR0EvhhWSUb_DkNbs/rt:fill/s:748:610/aHR0cHM6Ly9jb250/ZW50Lm9ubGluZXIu/Ynkvd2lkZ2V0L3Rp/bGVzLzF4Mi9iYzRh/NWIzNWIwMzkwMzdk/Y2E0NDU3NjRmM2I5/YWI2My5qcGVn.jpg,"Проведем консультацию, научим, объясним все нюансы."
Кровельщики. Кровельные работы.,https://imgproxy.onliner.by/pBgLTucoQJ4mGK0bbW_Pwz5HNPEoqjUn-VSwYIklxxs/rt:fill/s:748:610/aHR0cHM6Ly9jb250/ZW50Lm9ubGluZXIu/Ynkvd2lkZ2V0L3Rp/bGVzLzF4Mi84ZTYw/YzZlZmFiZjAyM2Nk/ZGI2YjU0MjZlYTFj/MzIxMS5qcGVn.jpg,Монолитчики. Каменщики.
Ввод в дом электричества под ключ (220/380),https://imgproxy.onliner.by/9B7lip7mmfW24jWP0LCMjAdrQ2-t0Bk6tCxQxxKvM6I/rt:fill/s:748:610/aHR0cHM6Ly9jb250/ZW50Lm9ubGluZXIu/Ynkvd2lkZ2V0L3Rp/bGVzLzF4Mi9mOGI0/OTc1NWFiNDJmYTJi/MjcwMWFhMTcyMTg1/ZGY4Mi5qcGVn.jpg,Все виды электромонтажных работ!
Стяжка пола!,https://imgproxy.onliner.by/4Oznc2DAuAPQqZhpkC04nmCrg8oJ1LVY8MFoqZ6R34g/rt:fill/s:748:610/aHR0cHM6Ly9jb250/ZW50Lm9ubGluZXIu/Ynkvd2lkZ2V0L3Rp/bGVzLzF4Mi8yZDhi/MGUwMTEzNjExNGU1/ZjA1YTU4ZjI0ZmMw/OWU1MC5qcGVn.jpg,Механизированая штукатурка стен
"Оклейка обоями, все виды!",https://imgproxy.onliner.by/83RyGxYa28hvwKWi5gcwGL7y6NqmRyOZHo5D1dcJat0/rt:fill/s:748:610/aHR0cHM6Ly9jb250/ZW50Lm9ubGluZXIu/Ynkvd2lkZ2V0L3Rp/bGVzLzF4Mi81ZTA2/MmJhMmQ4MjY3ODky/NmM2ZTNkNWNlYWFm/M2U2Yi5qcGVn.jpg,Большой опыт!
"Плиткорезы WANDELI, SHIJING, DLT",https://imgproxy.onliner.by/0vB57NeZQFvC8Dlj58gLZOcG9WV0mc_1v6TnQ0UTe7Q/rt:fill/s:748:610/aHR0cHM6Ly9jb250/ZW50Lm9ubGluZXIu/Ynkvd2lkZ2V0L3Rp/bGVzLzF4Mi9mOWRm/NWRhOWUwMTY3ZjA5/MWNmM2E0NWVjNmI5/M2NlZS5qcGVn.jpg,Бесплатная доставка по Беларуси
Шлифмашины Жираф для стен/потолков,https://imgproxy.onliner.by/Sym2OBUtpM_M-pVXvevtpyO2wMfMExdt5RfK1jBsLbM/rt:fill/s:748:610/aHR0cHM6Ly9jb250/ZW50Lm9ubGluZXIu/Ynkvd2lkZ2V0L3Rp/bGVzLzF4Mi8xMzMy/MDZjMjA5ZWNmNzE3/ZDY4NWVkOWVmYzEx/M2ZlZC5qcGVn.jpg,"Чек, гарантия, послегарантийное обслуживание."
Купим фотоаппарат быстро!,https://imgproxy.onliner.by/NTaqu2Kmr6yjThe8a_wRmG_YAXY7dMDcx67I7a1qOgw/rt:fill/s:748:610/aHR0cHM6Ly9jb250/ZW50Lm9ubGluZXIu/Ynkvd2lkZ2V0L3Rp/bGVzLzF4Mi81YzJm/NmJlMTFkNmE0ZDJj/YTk5NzI4MjEzNzM0/NWE2Ni5qcGVn.jpg,Работаем официально!
"Быстро выкупим ваш ноутбук, нетбук, ультрабук",https://imgproxy.onliner.by/FB4XsRbZTC7ZKSHFSpIiSQfQjgkpy9VXpUmjmnEiHnc/rt:fill/s:748:610/aHR0cHM6Ly9jb250/ZW50Lm9ubGluZXIu/Ynkvd2lkZ2V0L3Rp/bGVzLzF4Mi8yOWY4/ZDMzZTlmOTAxY2U2/YjUwNTBhZDRjYzIx/ODkwOS5qcGVn.jpg,В любом состоянии!
"Алмазные коронки для плитки, мрамора, гранита",https://imgproxy.onliner.by/Kh0UpwBI-p7VIPkbgibDBxNsvoeTAM-HtKJTHhjiV8Y/rt:fill/s:748:610/aHR0cHM6Ly9jb250/ZW50Lm9ubGluZXIu/Ynkvd2lkZ2V0L3Rp/bGVzLzF4Mi8xODA1/NDU0ZDI1OGRjMmRi/YWQ3YmM0NTI0ZDI4/ODE1OS5qcGVn.jpg,Лучшие цены от первого поставщика.
Котята-девочки и мальчики чёрного окраса 2 мес,https://imgproxy.onliner.by/QoZQN5fCWr-2BQu4NAF7SCaEqSgxgxZYlkPrYZ1ohPc/rt:fill/s:748:610/aHR0cHM6Ly9jb250/ZW50Lm9ubGluZXIu/Ynkvd2lkZ2V0L3Rp/bGVzLzF4Mi84ODYz/ZGM5OWQwNzk2MDc4/MjViMmQyZmI4MjAx/YWQwNi5qcGVn.jpg,Бесплатно!
Котёнок-мальчик тигрового окраса 3 мес.,https://imgproxy.onliner.by/KQ46ltx8Mv35TAQ4Xad-4YwXNH1-6-LTgM3FtBw0CKs/rt:fill/s:748:610/aHR0cHM6Ly9jb250/ZW50Lm9ubGluZXIu/Ynkvd2lkZ2V0L3Rp/bGVzLzF4Mi9kM2Fm/MjVmOTc0NmQ2OGU4/ZGY4OTU3ZDc5Nzlm/MTVlYS5qcGVn.jpg,Бесплатно!
Грузоперевозки / переезды / вывоз мусора,https://imgproxy.onliner.by/nq5jZwGKHLOAGqpqpgxsPMAz-DiJa2Y0B5Sndbg08hM/rt:fill/s:748:610/aHR0cHM6Ly9jb250/ZW50Lm9ubGluZXIu/Ynkvd2lkZ2V0L3Rp/bGVzLzF4Mi9kYjYw/ODhlMzkwNzlmZWI2/ZTRmNGY1YTIyNDgy/OGI1ZS5qcGVn.jpg,Большой опыт работы
"Квартирные переезды, грузоперевозки",https://imgproxy.onliner.by/HOjlWPIrxJUjkGynZmfqIz4ZSgVjnZB_UN7Q5MtI_E0/rt:fill/s:748:610/aHR0cHM6Ly9jb250/ZW50Lm9ubGluZXIu/Ynkvd2lkZ2V0L3Rp/bGVzLzF4Mi9lYTg0/ZGEyN2U5MGU4MGZk/Njc4ZWFlZmUyNmQx/YWQxZS5qcGVn.jpg,Выезжаем на дачи и коттеджи
"Грузоперевозки, вывоз мусора, грузчики!",https://imgproxy.onliner.by/0VD3vWxDoxrVZDLuY9oKIGgSC-r2LX4MRnHNhYVPBkw/rt:fill/s:748:610/aHR0cHM6Ly9jb250/ZW50Lm9ubGluZXIu/Ynkvd2lkZ2V0L3Rp/bGVzLzF4Mi9hMjg5/MDM4MTc4OGE5ZGRk/NTE1YmNlYzUyODAz/Y2QxZi5qcGVn.jpg,Самые низкие цены!
"Б.У. ноутбуки. Рассрочка, кредит, безнал.",https://imgproxy.onliner.by/7drMP5KEfnHaTk_PJCPHZNaC1hv4Ine_UEInxU4KzOM/rt:fill/s:748:610/aHR0cHM6Ly9jb250/ZW50Lm9ubGluZXIu/Ynkvd2lkZ2V0L3Rp/bGVzLzF4Mi9iYzE5/MzdhZDhiY2ZhMjIx/ZTZhMTUwMTY2MDUy/MGY4Yi5qcGVn.jpg,Гарантия!
Грузоперевозки/грузчики по Минску и РБ,https://imgproxy.onliner.by/ph_S_gCv-CEVFrSfXSgPyP8N03SkV39fTwnEBJMEWcs/rt:fill/s:748:610/aHR0cHM6Ly9jb250/ZW50Lm9ubGluZXIu/Ynkvd2lkZ2V0L3Rp/bGVzLzF4Mi8zZWFh/YTMxMTE4MDMxYTJl/ODM3NDExODE4MWE2/YzI4Ni5qcGVn.jpg,"Аккуратные, опытные грузчики"
Грузоперевозки | переезды | Минск,https://imgproxy.onliner.by/Z5KJXXlOMsOzKJqMXwVf7EFmMOBK1a_0Y0IZ-Hxy6J0/rt:fill/s:748:610/aHR0cHM6Ly9jb250/ZW50Lm9ubGluZXIu/Ynkvd2lkZ2V0L3Rp/bGVzLzF4Mi9lYjIx/M2RlNzQ2ZGY2MTMx/MDE4NDY5YTZjNzg5/NmJjNy5qcGVn.jpg,Круглосуточно 24/7
Грузоперевозки / переезды / вывоз мусора,https://imgproxy.onliner.by/SWWDY_GWep2aeWmviY0sr4rokU2WTk67Nrt0W2BPHi4/rt:fill/s:748:610/aHR0cHM6Ly9jb250/ZW50Lm9ubGluZXIu/Ynkvd2lkZ2V0L3Rp/bGVzLzF4Mi8xMTg2/MmZhMmEyYTcxMWZm/OGZkZTg4Y2RiN2Rh/NGIxYy5qcGVn.jpg,Весь спектр услуг
"Монолитные лестницы, фундаменты",https://imgproxy.onliner.by/5geEgdGn74nXbEnkCKzZjgVs8rdYKejPFPyTGTtDpw4/rt:fill/s:748:610/aHR0cHM6Ly9jb250/ZW50Lm9ubGluZXIu/Ynkvd2lkZ2V0L3Rp/bGVzLzF4Mi8zNzEz/NWY2MGM2NDY2ZWE5/NzhlZmExMDY3ODNj/ZWRjOC5qcGVn.jpg,"Под ключ, любой сложности"
Регулировка развал-схождения в Минске,https://imgproxy.onliner.by/Zrhrn-WKr-_Us5P0cXR68v6sG5DzqaHbYJuMRr2WI3Q/rt:fill/s:748:610/aHR0cHM6Ly9jb250/ZW50Lm9ubGluZXIu/Ynkvd2lkZ2V0L3Rp/bGVzLzF4Mi9lNDRj/ZWY3ZTQwNDZhODc4/Njc3ODM3ZDU1ZmNm/YzNkMi5qcGVn.jpg,Новый 3D стенд!
Грузоперевозки. Грузчики. Минск и РБ,https://imgproxy.onliner.by/fTWiUQX7RLtpVvFWK_BeqamdcXJ3xUeQZOKWOOW-52Y/rt:fill/s:748:610/aHR0cHM6Ly9jb250/ZW50Lm9ubGluZXIu/Ynkvd2lkZ2V0L3Rp/bGVzLzF4Mi9iNDE5/MWQxYjM5ODNmYWFh/YjVmZThmYmU3NDkw/ZDE2MS5qcGVn.jpg,Любые виды разгрузочно-погрузочных работ
Доставка товаров Ikea,https://imgproxy.onliner.by/u4ZgwXJzZyfkA_9BENMSVKocquXc8e3SF6lnLcyt_w8/rt:fill/s:748:610/aHR0cHM6Ly9jb250/ZW50Lm9ubGluZXIu/Ynkvd2lkZ2V0L3Rp/bGVzLzF4Mi9lNmU2/N2FjNzBkYTQyMWRj/ZTM5MmE1ZWI3NTdj/MzZiZS5qcGVn.jpg,Лучшие условия! Без предоплаты!
Натяжные потолки!,https://imgproxy.onliner.by/S7wn93B_QMsCVjwM2TgQY8IRxRoixPpWdBt35EvtxQk/rt:fill/s:748:610/aHR0cHM6Ly9jb250/ZW50Lm9ubGluZXIu/Ynkvd2lkZ2V0L3Rp/bGVzLzF4Mi8yYTM2/NTQxNGE2ZjcwYjgx/NzE1ZTgzYTg0NzQy/NTY1OC5qcGVn.jpg,Расчёт стоимости по звонку
Электрик. Электромонтаж. Перенос розеток.,https://imgproxy.onliner.by/swCnbPSACTGoUBeUI9KBiCd596XXpIRkMHdz-7ZeL7A/rt:fill/s:748:610/aHR0cHM6Ly9jb250/ZW50Lm9ubGluZXIu/Ynkvd2lkZ2V0L3Rp/bGVzLzF4Mi9mYzg5/MjA5YmI4MTYzZjUx/NDVjODIzNjQ4M2E1/OWMzYy5qcGVn.jpg,Опыт работы более 10 лет!
Стяжка пола в Минске и области,https://imgproxy.onliner.by/46TpZyNnQLI57IQ9lgV2VwHmPRDABqsLY08O57wACeY/rt:fill/s:748:610/aHR0cHM6Ly9jb250/ZW50Lm9ubGluZXIu/Ynkvd2lkZ2V0L3Rp/bGVzLzF4Mi85YmY4/MjA1NTk1NTYyZWY0/MWE4MmVhMTZhZTU2/MmJhOC5qcGVn.jpg,Бесплатный выезд замерщика!
Натяжные потолки по низким ценам,https://imgproxy.onliner.by/7uMKR5SX4LxtwuarNfGZloiYm2m8HJRxqSwR6CgF8EM/rt:fill/s:748:610/aHR0cHM6Ly9jb250/ZW50Lm9ubGluZXIu/Ynkvd2lkZ2V0L3Rp/bGVzLzF4Mi9mNDU5/YzhmZTk2NmI3OTgy/ZWY3N2Y1M2ZlY2M1/MGJhZS5qcGVn.jpg,Большой выбор цветовой гаммы
"Песок, ПГС, гравий, щебень, грунт",https://imgproxy.onliner.by/LsIL6zrUjEelt3wvifzhH62KBK7W0KlTblPkmTw8pyk/rt:fill/s:748:610/aHR0cHM6Ly9jb250/ZW50Lm9ubGluZXIu/Ynkvd2lkZ2V0L3Rp/bGVzLzF4Mi9hYWU2/MDc5ZmExOGUzYzRh/YTBlZmFjNTNjZjVi/NTZlMy5qcGVn.jpg,"А также снос зданий, сооружений, дачных построек!"
"Webasto - диагностика, ремонт, установка",https://imgproxy.onliner.by/Kwkhrx_P8_9Z3nXeTah1fiVCGCJ7G0RXoeJfzJGEmyU/rt:fill/s:748:610/aHR0cHM6Ly9jb250/ZW50Lm9ubGluZXIu/Ynkvd2lkZ2V0L3Rp/bGVzLzF4Mi82NDNm/YTQ3YmMxNGUwMzUx/NDY5MTI4NjkzZGZl/YWM4MS5qcGVn.jpg,"Планар, Eberspacher и Webasto"
Продам торговый остров,https://imgproxy.onliner.by/oOPrXTQ2uKwhG9AKMDl1cw0AndxFVt1KfqfgljbFQ5A/rt:fill/s:748:610/aHR0cHM6Ly9jb250/ZW50Lm9ubGluZXIu/Ynkvd2lkZ2V0L3Rp/bGVzLzF4Mi9iNDBm/ZGFjYWEwZjE0ZjU4/MTExMDI2Nzk3NzNm/NTExYi5qcGVn.jpg,""
"Балаклавы, маски горнолыжные",https://imgproxy.onliner.by/DBQ2RqqNsuu2L6GGmzqNrIDRSY-3hGZd7OYRYZC6hjo/rt:fill/s:748:610/aHR0cHM6Ly9jb250/ZW50Lm9ubGluZXIu/Ynkvd2lkZ2V0L3Rp/bGVzLzF4Mi84MmU5/MTBhZGRhMjQzYzY2/YjVhNDhjMTA2Yzc1/ZDA4OS5qcGVn.jpg,Доставка по Минску и РБ
Ремонт ЖК/LCD телевизоров!,https://imgproxy.onliner.by/TWGfngripABgMHBm4oAhk2gm3i16f3N2mA3Ybi_Tl5s/rt:fill/s:748:610/aHR0cHM6Ly9jb250/ZW50Lm9ubGluZXIu/Ynkvd2lkZ2V0L3Rp/bGVzLzF4Mi9jYjYx/YjRjNWZlMmI5ZTMy/OTNiNTE0Yzc1OTBh/M2EyMy5qcGVn.jpg,Срочный выкуп телевизоров!
