https://content.onliner.by/news/1400x5616/573cd8f3c589aca3a0ad7fee5872d04c.jpeg,"Выбираем лучшие тарифы A1, МТС и life:)","Выбираем лучшие тарифы A1, МТС и life:)
Мы долго этого ждали, и вот случилось: ушла эпоха. За год, прошедший с нашего предыдущего гайда по операторским тарифам, по сути, исчезли предложения с ценой до"
https://content.onliner.by/news/1400x5616/a6579bfc7b8e565edae2350630cdf902.jpeg,Все испортили. Посмотрели ремейк «Один дома»,"Ремейки очень часто больно смотреть сугубо эмоционально. Потому что ты видел и знаешь одну легенду, а ее современная интерпретация воспринимается как покушение на святыню. На самом деле, если судить о"
https://content.onliner.by/news/1400x5616/00be75649bf81c219cc2d48699e6c92e.jpeg,Как я перешел на iPhone после многих лет с Android-смартфонами. Плюсы и минусы экосистемы Apple,"Недавно я «переехал» с флагманского Android-смартфона на новенький iPhone 13 Pro Max. Но этот материал — не про различия между конкретными смартфонами, а скорее про нюансы перехода с одной платформы н"
https://content.onliner.by/news/1400x5616/4b3469c2e5b5765e3a782ddc0785faac.jpeg,"«Минус $1000 за посмотреть сторис в роуминге». Печальные истории, на которых стоит поучиться","Древняя легенда гласит, что давным-давно было решено отказаться от роуминга, сделав мобильную связь доступнее. Но пока повсеместной реальностью это не стало. Молвят, в европейских странах смогли найти"
https://content.onliner.by/news/1400x5616/21e671b2927f594a3005194659396bdf.jpeg,"«Репортаж из XXI века». 60 лет назад ученые СССР предсказали, каким будет будущее, — многое сбылось","«Репортаж из XXI века». 60 лет назад ученые СССР предсказали, каким будет будущее, — многое сбылось
Ретрофутуризм — жанр фантастики, рассказывающий про представления о будущем из прошлого. О том, как "
https://content.onliner.by/news/970x485/c75dd534a6932272509f85123429e83d.jpeg,"«Это была большая идея». Судят основательницу Theranos, которая обманула миллионы людей","Мы уже как-то писали об Элизабет Холмс, юной основательнице стартапа Theranos, который в свое время навел шороху во всем мире. Девушка рано стала миллиардершей, по сути обманув миллионы людей, которые"
https://content.onliner.by/news/1400x5616/7e12339c52023da342ab8c88dbd9d73d.jpeg,Грандиозная афера одного индуса. История криптовалютной пирамиды BitConnect,"Грандиозная афера одного индуса. История криптовалютной пирамиды BitConnect
Если это выглядит как утка, ходит как утка, крякает как утка, то это пирамида. Примерно так основатель лайткоина Чарли Ли в "
https://content.onliner.by/news/970x485/7032dbfd2cf174efcc23d1417875170c.jpeg,Идеально. Самая неуловимая кошка попала на фото — но заметить ее сложно,"Если вы всегда думали, что сложнее всего найти два одинаковых носка, возможно, пришло время пересмотреть свои взгляды. Есть фото, на котором среди скал и снега лежит снежный барс, хотя оптическая иллю"
https://content.onliner.by/news/1400x5616/eb7b21548818fe55c0b81ca5de487593.jpeg,Летающие танки и недоступные сервера. Обзор Battlefield 2042,"Запуск многопользовательского шутера всегда становится вызовом: необходимо не только разработать игру, сделать ее интересной, красивой, но еще и обеспечить бесперебойное функционирование. С этим у Bat"
https://content.onliner.by/news/970x485/a4bc75b5c169d2952673b64efa0ffeb1.jpeg,"«Самое тревожное, что мы видели». Что известно про новый штамм коронавируса из Африки","Чем больше на планете остается людей, не вакцинированных от коронавируса, и чем дольше сохраняется такое положение, тем выше шансы неблагоприятных мутаций вируса. Как в свое время в индийском котле св"
https://content.onliner.by/news/1400x5616/573cd8f3c589aca3a0ad7fee5872d04c.jpeg,"Выбираем лучшие тарифы A1, МТС и life:)","Выбираем лучшие тарифы A1, МТС и life:)
Мы долго этого ждали, и вот случилось: ушла эпоха. За год, прошедший с нашего предыдущего гайда по операторским тарифам, по сути, исчезли предложения с ценой до"
https://content.onliner.by/news/1400x5616/0db66b93cfcc7da3d6286dffa0cac8a7.jpeg,"«Понимая, что кругом жилые дома, они не стали рисковать чужими жизнями». Родные о белорусах, разбившихся под Иркутском","Мы до сих пор знаем слишком мало. 3 ноября сквозь ледяной дождь и снег из чукотского Кепервеема в Иркутск возвращался самолет Ан-12. В 19:45 по местному времени он рухнет в 7 километрах от аэропорта, "
https://content.onliner.by/news/1400x5616/0b858e8d28dd74b5dff35e44d6b62167.jpeg,«Кто защитит учителя и учеников?» Непростой разговор об обратной стороне буллинга в школе,"Один мой знакомый преподаватель рассказывал: «Сколько раз я видел циничное, ухмыляющееся лицо школьника, занимавшегося буллингом, который с интересом наблюдает, как взрослые — родители, учителя, дирек"
https://content.onliner.by/news/1400x5616/25472b5d17f7a2cc33585b11d96c3b86.jpeg,"«Что ни день, плитка заливалась кровью». Как устроена травля в спецшколах и колониях для несовершеннолетних","Сергею Нагановичу 31 год, и за этот короткий, в общем-то, срок он успел испытать такое, о чем многие из нас лишь читают в книгах ужасов. Теория говорит, что травля и насилие в закрытых системах достиг"
https://content.onliner.by/news/1400x5616/c0184a8bf2bd2c7de28bd52d20b46f1e.jpeg,"«Если не принесу деньги и телефон, меня побьют». Как выглядит современный буллинг и есть ли там дно","Школьники создали в соцсети группу, в которой назначали цену своим одноклассникам. Кто-то для них стоил $100, кто-то — $1. Это только один из примеров современного буллинга, с которым дети сталкиваютс"
https://content.onliner.by/news/1400x5616/386664574fde008916113cb217dad7fb.jpeg,"«Выбирали жертву и ставили клеймо». Откровения белорусов, которые в детстве издевались над одноклассниками","У Инны в младших классах резко подскочил вес. Чтобы не стать объектом насмешек, она решила опередить события — и стала «гасить» других детей. Артем в детстве издевался над одноклассником вместе со сво"
https://content.onliner.by/news/1400x5616/020c71417396264f5ac91322e77a9853.jpeg,«Девочки „распяли“ меня на парте и отрезали волосы». Три истории школьной травли в 2000-х,"Приняв решение подготовить цикл статей о школьной травле, мы открыли ящик Пандоры, разобраться с содержимым которого — ответственность нескольких поколений. Десятки историй, собранных журналистами Onl"
,"Плавал по всему миру, устал и решил жить на болоте. История удивительного Дим Димыча","В центре одного из крупнейших болот страны живет Дим Димыч — человек, который несколько раз обошел земной шар. Он собирает травы-ягоды, размышляет о жизни у костра, бодро подбирает цитаты поэтов и пис"
https://content.onliner.by/news/1400x5616/2206904af1ad6c87f9edb33112a1ee87.jpeg,Попал на зону и создал там качалку. Монолог стального бодибилдера,"«До зоны я был шаблонным „тупым качком“: жрал, спал и тренировался», — признается герой этого сюжета Владимир с необычной для Беларуси фамилией Ван Ли. С детства его жизнь была сосредоточена на заняти"
https://content.onliner.by/news/1400x5616/047d8cec36ea730bf89dd6c8c8d8013f.jpeg,Больше 70 лет на одной работе. 93-летний сельский фельдшер лечил людей до конца жизни,Сергей Иванович работал даже в 93 года. Больше 70 из них  — заведующим фельдшерско-акушерским пунктом в небольшой деревне Покрашево. За долгие годы работы Сергей Иванович успешно сражался с эпидемиями
https://content.onliner.by/news/1400x5616/a64d844769627ce1ba812830f10c6c67.jpeg,Помнікі савецкай эпохі ў Мінску: у чый гонар ставілі і куды падзяваўся манумент Сталіну?,"Антон Дзянісаў — кандыдат гістарычных навук, даследчык, вядучы тэлеграм-канала «Батыскаф гісторыка».
Савецкі Саюз пакінуў пасля сябе не толькі мноства кінафільмаў і літаратурных твораў, але і тысячы г"
https://content.onliner.by/news/1400x5616/9c88d113b5491c7f4f1d7ce3bf9859a2.jpeg,Сацрэалізм у савецкай Беларусі. Як яго разумець і якія працы лічацца шэдэўрамі,"Кацярына Ізафатава — мастацтвазнаўца, загадчыца аддзела беларускага мастацтва XX—XXI стст. Нацыянальнага мастацкага музея.
У межах праекта «Пашпарт грамадзяніна»  працягваем вандроўкі па савецкай гіст"
https://content.onliner.by/news/1400x5616/af6319f161802c6e023cd790976257de.jpeg,Якім быў секс у савецкай Беларусі і як да гэтай тэмы ставіліся камуністы? Аповед гісторыка на далікатную тэму,"Антон Дзянісаў — кандыдат гістарычных навук, даследчык, вядучы тэлеграм-канала «Батыскаф гісторыка».
Тэма інтымных стасункаў доўгі перыяд была табуяванай у савецкім грамадстве, а таму зусім не дзіўна,"
https://content.onliner.by/news/1400x5616/edb6184d63706cd783692fb68c3a8a82.jpeg,"«Плакал, когда первый раз уходил из „Ляписов“». Разговор с удивительным валторнистом Пафнутием Кузюкяном","Сегодня разговор будет с редким и опасным человеком. Человеком, который уходил из самого успешного белорусского музыкального проекта в лоно академической музыки, который, в принципе, с беззаботным рав"
https://content.onliner.by/news/1400x5616/1751f4294e717e6597d751b9231c33c1.jpeg,"Гісторыя Мая Данцыга і яго пейзажа, які бачыў кожны мінчук","Кацярына Ізафатава — мастацтвазнаўца, загадчыца аддзела беларускага мастацтва XX—XXI ст. Нацыянальнага мастацкага музея
Калі выбраць аднаго мастака, чыя творчасць непарыўна знітавана з жыццём Мінска, "
"[""https://content2.onliner.by/catalog/device/header/28a14bc3db754e44d987501ce56b00fd.jpeg"", ""Аккумуляторы для ноутбуков ASUS A41-X550A"", ""для ноутбуков ASUS, Li-Ion, 2950 мА·ч, 15 В""]","[""https://content2.onliner.by/catalog/device/header/5accd6701f1768924cad8fdde86a1b52.jpeg"", ""Аккумуляторы для ноутбуков Acer AS10D31"", ""для ноутбуков Acer, Li-Ion, 4400 мА·ч, 10.8 В""]","[""https://content2.onliner.by/catalog/device/header/02a77ca65be3d91057954725ba429da7.jpeg"", ""Аккумуляторы для ноутбуков Acer AS10D81"", ""для ноутбуков Acer, 4400 мА·ч, 10.8 В""]","[""https://content2.onliner.by/catalog/device/header/a54aa35ba894e123c72e7257bcf5975e.jpeg"", ""Аккумуляторы для ноутбуков ASUS A32-K52"", ""для ноутбуков ASUS, Li-Ion, 4400 мА·ч, 11.2 В""]","[""https://content2.onliner.by/catalog/device/header/f3e890a2843f7aa8bbf2db367ca2e973.jpeg"", ""Аккумуляторы для ноутбуков HP ProBook 4330s/4331s/4430s/4431s/4435s/4440s/4446s/4530s/4540s"", ""для ноутбуков HP, 4400 мА·ч, 11.1 В""]","[""https://content2.onliner.by/catalog/device/header/ad5d302006e025c9a5c2d94ea2107605.jpeg"", ""Аккумуляторы для ноутбуков ASUS A32-K55"", ""для ноутбуков ASUS, Li-Ion, 4400 мА·ч, 10.8 В""]","[""https://content2.onliner.by/catalog/device/header/36456c917592dc17f0ccdaff04e1ce9b.jpeg"", ""Аккумуляторы для ноутбуков ASUS K52F/A40/A50/A52JB/K42F/K52JB/K62/N82/P42/P52/Pro5/Pro8/X8F"", ""для ноутбуков ASUS, Li-Ion, 4400 мА·ч, 10.8 В""]","[""https://content2.onliner.by/catalog/device/header/036c53c5246ce41bfcce8882ca0a30c0.jpeg"", ""Аккумуляторы для ноутбуков ASUS K72, N71, N73, X72 Series 10.8V 4400mAh"", ""для ноутбуков ASUS, Li-Ion, 4400 мА·ч, 10.8 В""]","[""https://content2.onliner.by/catalog/device/header/e042f88b59dae21b31178e19a859f4ef.jpeg"", ""Аккумуляторы для ноутбуков HP MU06"", ""для ноутбуков HP, Li-Ion, 4200 мА·ч, 10.8 В""]","[""https://content2.onliner.by/catalog/device/header/36f6e6ad004560723a18f5c27c24b739.jpeg"", ""Аккумуляторы для ноутбуков HP 15, 14-ac 15-ac 15-af, 250 G4 Series 14.8V 2200mAh"", ""для ноутбуков HP, Li-Ion, 2200 мА·ч, 14.4 В""]","[""https://content2.onliner.by/catalog/device/header/f103969d27eb98842fd8f335bb78d516.jpeg"", ""Аккумуляторы для ноутбуков HP JC04"", ""для ноутбуков HP, Li-Ion, 2850 мА·ч, 14.6 В, ячеек: 4""]","[""https://content2.onliner.by/catalog/device/header/5a3213895b5be36913386d0f0e2aca07.jpeg"", ""Аккумуляторы для ноутбуков ASUS B21N1329"", ""для ноутбуков ASUS, Li-Ion, 3950 мА·ч, 7.6 В""]","[""https://content2.onliner.by/catalog/device/header/96b55a25d1c27251c07bb6861502dcb4.jpeg"", ""Аккумуляторы для ноутбуков Acer AS10D41"", ""для ноутбуков Acer, Li-Ion, 4400 мА·ч, 10.8 В""]","[""https://content2.onliner.by/catalog/device/header/5f789e60e8db0908fe4574dfcf4e1cd9.jpeg"", ""Аккумуляторы для ноутбуков Acer AS10D73"", ""для ноутбуков Acer, 4400 мА·ч, 11.1 В""]","[""https://content2.onliner.by/catalog/device/header/584febe725ab4fa29bf6f095d4a762cc.jpeg"", ""Аккумуляторы для ноутбуков ASUS A32-1015"", ""для ноутбуков ASUS, Li-Ion, 4400 мА·ч, 10.8 В""]","[""https://content2.onliner.by/catalog/device/header/1ad13ef937e96e828a43f1e7c6038fcd.jpeg"", ""Аккумуляторы для ноутбуков ASUS A32-N55"", ""для ноутбуков ASUS, Li-Ion, 5200 мА·ч, 10.8 В""]","[""https://content2.onliner.by/catalog/device/header/42d467869d76daf7bbb54a36e2cfb1a3.jpeg"", ""Аккумуляторы для ноутбуков ASUS A32-N56"", ""для ноутбуков ASUS, Li-Ion, 5200 мА·ч, 10.8 В""]","[""https://content2.onliner.by/catalog/device/header/4ceddefaeafe4da5889970c1c526d100.jpeg"", ""Аккумуляторы для ноутбуков HP 450 G1/470 G0/470 G/470 G/ProBook 440/ProBook 445/ProBook 450"", ""для ноутбуков HP, Li-Ion, 4400 мА·ч, 10.8 В""]","[""https://content2.onliner.by/catalog/device/header/756540b4e73d4e0b18619955c6958e18.jpeg"", ""Аккумуляторы для ноутбуков HP MO06"", ""для ноутбуков HP, Li-Ion, 5400 мА·ч, 11.1 В""]","[""https://content2.onliner.by/catalog/device/header/180b6ecdee5831c7131482e21dbef696.jpeg"", ""Аккумуляторы для ноутбуков HP HS04 (HSTNN-LB6V)"", ""для ноутбуков HP, Li-Ion, 2670 мА·ч, 14.8 В""]","[""https://content2.onliner.by/catalog/device/header/bfae43c2ce413669eece382538323d40.jpeg"", ""Аккумуляторы для ноутбуков ASUS X550E"", ""для ноутбуков ASUS, Li-Ion, 2200 мА·ч, 14.4 В""]","[""https://content2.onliner.by/catalog/device/header/47dcd2e1d64813c6ef5db7682e7eec14.jpeg"", ""Аккумуляторы для ноутбуков Acer AS10D75"", ""для ноутбуков Acer, Li-Ion, 4400 мА·ч, 11.1 В""]","[""https://content2.onliner.by/catalog/device/header/046dcb2e2732c2d1c49afc34796ccb16.jpeg"", ""Аккумуляторы для ноутбуков Samsung R425, R428, R429, R430, R458, R467, R468, R478, R480, R505"", ""для ноутбуков Samsung, 4400 мА·ч, 11.1 В""]","[""https://content2.onliner.by/catalog/device/header/02e5146671b06886d2baf595eda09ba2.jpeg"", ""Аккумуляторы для ноутбуков Acer AS10D51"", ""для ноутбуков Acer, Li-Ion, 4400 мА·ч, 10.8 В""]","[""https://content2.onliner.by/catalog/device/header/95eb6f9d5e639488706fb20932575235.jpeg"", ""Аккумуляторы для ноутбуков ASUS A41-X550E"", ""для ноутбуков ASUS, Li-Ion, 3070 мА·ч, 14.4 В""]","[""https://content2.onliner.by/catalog/device/header/cdb43601fdf0da36babedd26ff0c1639.jpeg"", ""Аккумуляторы для ноутбуков ASUS Eee PC 1015PE, 1015PED, 1015"", ""для ноутбуков ASUS, Li-Ion, 4400 мА·ч, 10.8 В""]","[""https://content2.onliner.by/catalog/device/header/1fa1972c723d0421a5c77233eb9ba5af.jpeg"", ""Аккумуляторы для ноутбуков HP Pavilion 14/14t/14z/15/15-b/15t/15z/Sleekbook 14/15/Chromb-k 14"", ""для ноутбуков HP, Li-Ion, 2200 мА·ч, 14.4 В""]","[""https://content2.onliner.by/catalog/device/header/26232ccf8768c156a0e31c2e506b759e.jpeg"", ""Аккумуляторы для ноутбуков Samsung AA-PB9NC6B"", ""для ноутбуков Samsung, Li-Ion, 4400 мА·ч, 11.1 В""]","[""https://content2.onliner.by/catalog/device/header/d9ac13b738e73d40462545a043af1611.jpeg"", ""Аккумуляторы для ноутбуков ASUS Eee PC 1001PX, 1001HA, 1005HA, 1005HAG, 1005HE, 1101HA Series"", ""для ноутбуков ASUS, 4400 мА·ч, 11.1 В""]","[""https://content2.onliner.by/catalog/device/header/7c2e87363a3329839e05a9f7481c8d38.jpeg"", ""Аккумуляторы для ноутбуков Acer AS10D61"", ""для ноутбуков Acer, Li-Ion, 4400 мА·ч, 11.1 В""]"
"[""https://content2.onliner.by/catalog/device/header/14e38dcd89e8b28d4d39072d7059d55d.jpeg"", ""Рукоятка Fiskars 1001560"", ""алюминий, общая длина 145.3 см, 0.53 кг""]","[""https://content2.onliner.by/catalog/device/header/e5f6db8c1911bd5f9b80df3e94e95034.jpg"", ""Грабли веерные Fiskars 1000644"", ""карбон, общая длина 47 см, 0.44 кг""]","[""https://content2.onliner.by/catalog/device/header/dd3f0b43fa0db332c8feab3546e01f5b.jpeg"", ""Точилка для ножниц Fiskars 1005137"", ""точилка для ножниц""]","[""https://content2.onliner.by/catalog/device/header/76ea7ce0d00e969d66a093d179905a17.jpeg"", ""Яйцерезка Fiskars Functional Form 1016126"", ""металл/пластик""]","[""https://content2.onliner.by/catalog/device/header/bf0ff12ba9babd57bf19883ea6772a70.jpeg"", ""Сотейник Fiskars Hard Face Optiheat 1052238"", ""сотейник, алюминий, 26 см, стеклянная крышка, бакелитовая ручка""]","[""https://content2.onliner.by/catalog/device/header/ab5f6760a4f243b02f317fd425cd61a4.jpeg"", ""Сковорода Fiskars Hard Face 1052225"", ""стандартная, алюминий, покрытие фторопласт, 30 см, бакелитовая ручка""]","[""https://content2.onliner.by/catalog/device/header/40f50af53f63b8e466323e6249a071b3.jpeg"", ""Сучкорез Fiskars 1023625"", ""сталь, общая длина 220 см, 1.1 кг""]","[""https://content2.onliner.by/catalog/device/header/38ff98d988592a321158808b8a6d5f95.jpeg"", ""Сковорода Fiskars Hard Face Optiheat 1052237"", ""стандартная, алюминий, покрытие фторопласт, 28 см, бакелитовая ручка""]"
"[""no-image"", ""Автомобильные шины Белшина Artmotion Snow Бел-337 195/65R15 91T"", ""зимние, для легковых автомобилей, без шипов""]","[""no-image"", ""Автомобильные шины Tigar Winter 205/55R16 94H"", ""зимние, для легковых автомобилей, без шипов""]","[""no-image"", ""Автомобильные шины Nokian Nordman RS2 195/65R15 95R"", ""зимние, для легковых автомобилей, без шипов""]","[""no-image"", ""Автомобильные шины Kormoran Snow 205/55R16 94H"", ""зимние, для легковых автомобилей, без шипов""]","[""no-image"", ""Автомобильные шины Viatti Brina V-521 195/65R15 91T"", ""зимние, для легковых автомобилей, без шипов""]","[""no-image"", ""Автомобильные шины Cordiant Winter Drive 2 195/65R15 95T"", ""зимние, для легковых автомобилей, без шипов""]","[""no-image"", ""Автомобильные шины Hankook Winter i*cept iZ2 W616 205/55R16 94T"", ""зимние, для легковых автомобилей, без шипов""]","[""https://content2.onliner.by/catalog/device/header/56e977c1585e186ccb1ef35fdf23d63d.jpg"", ""Автомобильные шины Белшина Astarta Бел-273 235/60R16 100H"", ""летние, для внедорожников""]","[""no-image"", ""Автомобильные шины Nokian Nordman RS2 205/55R16 94R"", ""зимние, для легковых автомобилей, без шипов""]","[""no-image"", ""Автомобильные шины Barum Polaris 5 205/55R16 91T"", ""зимние, для легковых автомобилей, без шипов""]","[""no-image"", ""Автомобильные шины Cordiant Polar SL 205/55R16 94T"", ""зимние, для легковых автомобилей, без шипов""]","[""no-image"", ""Автомобильные шины Cordiant Winter Drive 195/65R15 91T"", ""зимние, для легковых автомобилей, без шипов""]","[""no-image"", ""Автомобильные шины Premiorri ViaMaggiore 205/55R16 91T"", ""зимние, для легковых автомобилей, без шипов""]","[""no-image"", ""Автомобильные шины Белшина Artmotion Snow HP Бел-494 225/60R18 100H"", ""зимние, для легковых автомобилей, без шипов""]","[""no-image"", ""Автомобильные шины Nexen Winguard Winspike WH62 195/65R15 95T"", ""зимние, для легковых автомобилей, возможность ошиповки""]","[""no-image"", ""Автомобильные шины Goodyear UltraGrip Ice+ 205/55R16 91T"", ""зимние, для легковых автомобилей, без шипов""]","[""no-image"", ""Автомобильные шины Tigar SUV Winter 215/65R16 102H"", ""зимние, для внедорожников, без шипов""]","[""no-image"", ""Автомобильные шины Goodyear UltraGrip Ice 2 195/65R15 95T"", ""зимние, для легковых автомобилей, без шипов""]","[""no-image"", ""Автомобильные шины Белшина Artmotion Бел-261 195/65R15 91H"", ""летние, для легковых автомобилей""]","[""no-image"", ""Автомобильные шины Hankook Winter i*cept RS2 W452 195/65R15 95T"", ""зимние, для легковых автомобилей, без шипов""]","[""no-image"", ""Автомобильные шины KAMA 505 195/65R15 91Q"", ""зимние, для легковых автомобилей, возможность ошиповки""]","[""no-image"", ""Автомобильные шины Tigar High Performance 205/55R16 94V"", ""летние, для легковых автомобилей, шины без шипов""]","[""https://content2.onliner.by/catalog/device/header/c138a327a884d7dde9dc0583cbc28857.jpg"", ""Автомобильные шины Белшина Бел-117 185/70R14 88S"", ""зимние, для легковых автомобилей, без шипов""]","[""https://content2.onliner.by/catalog/device/header/738fe06162414f217afa18d79e240967.jpeg"", ""Автомобильные шины Белшина Бел-517 225/65R17 106H"", ""зимние, для легковых автомобилей, без шипов""]","[""no-image"", ""Автомобильные шины Nokian Nordman SX2 205/55R16 91H"", ""летние, для легковых автомобилей""]","[""no-image"", ""Автомобильные шины BFGoodrich g-Force Winter 2 185/65R15 92T"", ""зимние, для легковых автомобилей, без шипов""]","[""no-image"", ""Автомобильные шины Pirelli Ice Zero Friction 205/60R16 96T"", ""зимние, для легковых автомобилей, без шипов""]","[""no-image"", ""Автомобильные шины Kormoran Road Performance 205/60R16 92H"", ""летние, для легковых автомобилей""]","[""no-image"", ""Автомобильные шины Roadstone Eurovis Alpine WH1 195/65R15 91H"", ""зимние, для легковых автомобилей, без шипов""]","[""https://content2.onliner.by/catalog/device/header/bf2e6490e08d866c8fcb1793716292fc.jpeg"", ""Автомобильные шины Aplus A501 225/70R15C 112R"", ""зимние, для микроавтобусов и легкогрузовых автомобилей, без шипов""]"
"[""https://content2.onliner.by/catalog/device/header/271460b95f43b71e68be71ceceb28e08.jpeg"", ""Ноутбук Lenovo IdeaPad 3 15ITL6 82H800JSRE"", ""15.6\"" 1920 x 1080 IPS, 60 Гц, несенсорный, Intel Core i5 1135G7 2400 МГц, 8 ГБ, SSD 256 ГБ, видеокарта NVIDIA GeForce MX350 2 ГБ, без ОС, цвет крышки серый""]","[""https://content2.onliner.by/catalog/device/header/a5c7ae0077df4bc242d3af4a685dcfde.jpeg"", ""Ноутбук Lenovo IdeaPad 5 15ITL05 82FG00FWRE"", ""15.6\"" 1920 x 1080 IPS, 60 Гц, несенсорный, Intel Core i5 1135G7 2400 МГц, 16 ГБ, SSD 512 ГБ, видеокарта встроенная, без ОС, цвет крышки серый""]","[""https://content2.onliner.by/catalog/device/header/271460b95f43b71e68be71ceceb28e08.jpeg"", ""Ноутбук Lenovo IdeaPad 3 15ITL6 82H8009WRE"", ""15.6\"" 1920 x 1080 IPS, 60 Гц, несенсорный, Intel Core i5 1135G7 2400 МГц, 8 ГБ, SSD 512 ГБ, видеокарта NVIDIA GeForce MX350 2 ГБ, без ОС, цвет крышки серый""]","[""https://content2.onliner.by/catalog/device/header/54b74c4195881f97018aa6d5866ad750.jpeg"", ""Ноутбук Prestigio Smartbook 133 C4 PSB133C04CGP_DG_CIS"", ""14.1\"" 1366 x 768 TN+Film, 60 Гц, несенсорный, AMD A4 9120e 1500 МГц, 4 ГБ, eMMC 64 ГБ, видеокарта встроенная, Windows 10 Pro, цвет крышки серый""]","[""https://content2.onliner.by/catalog/device/header/4a15e69abcec18b925f02b5fd8e4b46f.jpeg"", ""Ноутбук ASUS X515MA-BR062"", ""15.6\"" 1366 x 768 TN+Film, 60 Гц, несенсорный, Intel Celeron N4020 1100 МГц, 4 ГБ, SSD 256 ГБ, видеокарта встроенная, без ОС, цвет крышки серый""]","[""https://content2.onliner.by/catalog/device/header/171b6cd1f03ea9a1dfd24fcb7a89adf0.jpeg"", ""Ноутбук HP Pavilion 15-eg1037ur 4E4A0EA"", ""15.6\"" 1920 x 1080 IPS, 60 Гц, несенсорный, Intel Core i5 1135G7 2400 МГц, 8 ГБ, SSD 512 ГБ, видеокарта NVIDIA GeForce MX350 2 ГБ, без ОС, цвет крышки серебристый""]","[""https://content2.onliner.by/catalog/device/header/fbaa5df8e2e62456448f135cf61dabf1.jpeg"", ""Ноутбук LG Gram 14Z90P-G.AJ56R"", ""14.0\"" 1920 x 1200 IPS, 60 Гц, несенсорный, Intel Core i5 1135G7 2400 МГц, 8 ГБ, SSD 512 ГБ, видеокарта встроенная, Windows 10, цвет крышки серебристый""]","[""https://content2.onliner.by/catalog/device/header/2907c3412a1eb4f130b3dfe196338293.jpeg"", ""Ноутбук Lenovo IdeaPad 3 15ALC6 82KU00B2RK"", ""15.6\"" 1920 x 1080 IPS, 60 Гц, несенсорный, AMD Ryzen 5 5500U 2100 МГц, 8 ГБ, SSD 512 ГБ, видеокарта встроенная, без ОС, цвет крышки серый""]","[""https://content2.onliner.by/catalog/device/header/4d252ca027fa44dfb84a64900f15fa9f.jpeg"", ""Ноутбук Lenovo IdeaPad L3 15IML05 81Y300J6RE"", ""15.6\"" 1920 x 1080 IPS, 60 Гц, несенсорный, Intel Core i5 10210U 1600 МГц, 8 ГБ, SSD 256 ГБ, видеокарта встроенная, без ОС, цвет крышки серый""]","[""https://content2.onliner.by/catalog/device/header/4d252ca027fa44dfb84a64900f15fa9f.jpeg"", ""Ноутбук Lenovo IdeaPad L3 15IML05 81Y300R1RE"", ""15.6\"" 1920 x 1080 IPS, 60 Гц, несенсорный, Intel Core i3 10110U 2100 МГц, 8 ГБ, SSD 256 ГБ, видеокарта NVIDIA GeForce MX330 2 ГБ, без ОС, цвет крышки серый""]","[""https://content2.onliner.by/catalog/device/header/692b0b3dff3167f560559795e87ace97.jpeg"", ""Ноутбук 2-в-1 HP Pavilion x360 15-er0004ur 3B2W3EA"", ""15.6\"" 1920 x 1080 IPS, 60 Гц, сенсорный, Intel Core i5 1135G7 2400 МГц, 8 ГБ, SSD 512 ГБ, видеокарта встроенная, Windows 10, цвет крышки серебристый""]","[""https://content2.onliner.by/catalog/device/header/750257343748e7da23bdb90db1325cdc.jpeg"", ""Ноутбук 2-в-1 Lenovo ThinkBook 14s Yoga ITL 20WE0000RU"", ""14.0\"" 1920 x 1080 IPS, 60 Гц, сенсорный, Intel Core i5 1135G7 2400 МГц, 16 ГБ, SSD 512 ГБ, видеокарта встроенная, Windows 10 Pro, цвет крышки серебристый""]","[""https://content2.onliner.by/catalog/device/header/86aa2aa36dc10bb31f61a6bc956eaaaa.jpeg"", ""Ноутбук ASUS E410MA-EB023T"", ""14.0\"" 1920 x 1080 IPS, 60 Гц, несенсорный, Intel Pentium Silver N5030 1100 МГц, 4 ГБ, SSD 128 ГБ, видеокарта встроенная, Windows 10, цвет крышки черный""]","[""https://content2.onliner.by/catalog/device/header/42f2dc371979f8fe72b7bfb3a5588253.jpeg"", ""Ноутбук Lenovo ThinkBook 15 G2 ITL 20VE0042RU"", ""15.6\"" 1920 x 1080 IPS, 60 Гц, несенсорный, Intel Core i7 1165G7 2800 МГц, 16 ГБ, SSD 1024 ГБ, видеокарта встроенная, без ОС, цвет крышки серый""]","[""https://content2.onliner.by/catalog/device/header/5d0beb2af0defc855be94296c5ecc6b5.jpeg"", ""Ноутбук Apple Macbook Pro 13\"" M1 2020 Z11F0002V"", ""13.3\"" 2560 x 1600 IPS, 60 Гц, несенсорный, Apple M1 3200 МГц, 8 ГБ, SSD 1024 ГБ, видеокарта встроенная, Mac OS, цвет крышки серебристый""]"
"[""no-image"", ""Наушники Samsung Galaxy Buds 2 (черный)"", ""беспроводные наушники с микрофоном, внутриканальные, портативные, Bluetooth, быстрая зарядка, время работы 8 ч, с кейсом 28 ч, активное шумоподавление""]","[""https://content2.onliner.by/catalog/device/header/9fdb7c833aab7fa921691e4dad4f7c3d.jpeg"", ""Наушники Apple AirPods Pro (с поддержкой MagSafe)"", ""беспроводные наушники с микрофоном, внутриканальные, портативные, Bluetooth, быстрая зарядка, время работы 5 ч, с кейсом 24 ч, активное шумоподавление""]","[""https://content2.onliner.by/catalog/device/header/f6747790389f145824f26f74ed7a4d47.jpeg"", ""Наушники Apple AirPods 3"", ""беспроводные наушники с микрофоном, вставные, портативные, Bluetooth, быстрая зарядка, время работы 6 ч, с кейсом 30 ч""]","[""https://content2.onliner.by/catalog/device/header/36c09b6ce26b7fde850466964fc967ef.jpeg"", ""Наушники Panasonic RZ-B100WDGCK"", ""беспроводные наушники с микрофоном, вставные, портативные, Bluetooth, 20-20000 Гц, время работы 4 ч, с кейсом 16 ч""]","[""https://content2.onliner.by/catalog/device/header/cae72daff76ad74c7a29c2f64bca8ba2.jpeg"", ""Наушники Marshall Major IV"", ""беспроводные наушники с микрофоном, накладные, портативные, Bluetooth, 20-20000 Гц, складное оголовье, быстрая зарядка, время работы 80 ч""]","[""https://content2.onliner.by/catalog/device/header/e89e8ac1fe117a3e3cec77ff1ecb3d38.jpeg"", ""Наушники Panasonic RB-HF420BGE-K"", ""беспроводные наушники с микрофоном, накладные, портативные, Bluetooth, 20-20000 Гц, поворотные чашки, быстрая зарядка, время работы 50 ч""]","[""https://content2.onliner.by/catalog/device/header/5dbcde1f6b68b3fcdc151a614f0f4ad4.jpeg"", ""Наушники Genesis Neon 200"", ""наушники с микрофоном, мониторные (охватывающие), геймерские, 20-20000 Гц, кабель 1.8 м""]","[""https://content2.onliner.by/catalog/device/header/29c91b751f9ab689a75f01c32132e15f.jpeg"", ""Наушники Xiaomi Redmi Buds 3 M2104E1 (белый)"", ""беспроводные наушники с микрофоном, вставные, портативные, Bluetooth, 20-20000 Гц, быстрая зарядка, время работы 5 ч, с кейсом 20 ч""]","[""https://content2.onliner.by/catalog/device/header/d969fb154d974f626cbad8ee0f243081.jpeg"", ""Наушники Anker SoundCore Life Q20 (черный)"", ""беспроводные наушники с микрофоном, мониторные (охватывающие), портативные, Bluetooth, поворотные чашки, быстрая зарядка, время работы 60 ч, кабель 1.2 м, активное шумоподавление""]","[""https://content2.onliner.by/catalog/device/header/a083ff02ad7fbf34b4e749ccd05d6fc5.jpeg"", ""Наушники SteelSeries Arctis 1 Wireless"", ""беспроводные наушники с микрофоном, мониторные (охватывающие), геймерские, 20-20000 Гц, время работы 20 ч""]","[""https://content2.onliner.by/catalog/device/header/382e94324b5ca1722e5ba8f614fb37ba.jpeg"", ""Наушники Evolution BH205"", ""беспроводные наушники с микрофоном, внутриканальные, портативные, Bluetooth, 20-20000 Гц, время работы 3 ч, с кейсом 18 ч""]","[""no-image"", ""Наушники Logitech G733 Lightspeed Wireless (белый)"", ""беспроводные наушники с микрофоном, мониторные (охватывающие), геймерские, 20-20000 Гц, время работы 29 ч""]","[""no-image"", ""Наушники Beats Flex (черный)"", ""беспроводные наушники с микрофоном, внутриканальные, портативные, Bluetooth, магниты, быстрая зарядка, время работы 12 ч""]","[""https://content2.onliner.by/catalog/device/header/5f3a8ee568747aac60aaf2dabda87f3a.jpeg"", ""Наушники SVEN AP-U1001MV"", ""наушники с микрофоном, мониторные (охватывающие), геймерские, 50-20000 Гц, кабель 2.2 м""]","[""no-image"", ""Наушники Razer Kaira Pro for Xbox"", ""беспроводные наушники с микрофоном, мониторные (охватывающие), геймерские, Bluetooth, 20-20000 Гц, поворотные чашки, время работы 20 ч""]","[""https://content2.onliner.by/catalog/device/header/dcf6d977d7a957f8cbb4a9183783fb45.jpeg"", ""Наушники HyperX Cloud II Wireless"", ""беспроводные наушники с микрофоном, мониторные (охватывающие), геймерские, 15-20000 Гц, время работы 30 ч""]","[""https://content2.onliner.by/catalog/device/header/bfd6639909c2e446a667cf1cb9958728.jpeg"", ""Наушники SVEN AP-U840MV"", ""наушники с микрофоном, мониторные (охватывающие), геймерские, 20-20000 Гц, кабель 2.2 м""]","[""no-image"", ""Наушники HyperX Cloud Alpha S (черный/синий)"", ""наушники с микрофоном, мониторные (охватывающие), геймерские, 13-27000 Гц, кабель 1 м""]","[""https://content2.onliner.by/catalog/device/header/5485f9953e39c7b7925eb283f9e6151b.jpeg"", ""Наушники Nobby Practic T-101 (мятный)"", ""беспроводные наушники с микрофоном, вставные, портативные, Bluetooth, 20-20000 Гц, время работы 3 ч""]","[""no-image"", ""Наушники LG Tone Free HBS-FN4 (черный)"", ""беспроводные наушники с микрофоном, внутриканальные, портативные, Bluetooth, быстрая зарядка, время работы 6 ч, с кейсом 18 ч""]","[""https://content2.onliner.by/catalog/device/header/4b8b270987aa3ec9549f48450b0f07c8.jpeg"", ""Наушники Canyon CND-TBTHS2B"", ""беспроводные наушники с микрофоном, внутриканальные, портативные, Bluetooth, 20-20000 Гц, время работы 4 ч, с кейсом 36 ч""]","[""https://content2.onliner.by/catalog/device/header/7044ecbbbf8e9ced34fcc5058dfd846b.jpeg"", ""Наушники SteelSeries Arctis 1 (черный)"", ""наушники с микрофоном, мониторные (охватывающие), геймерские, 20-20000 Гц, кабель 1.3 м""]","[""https://content2.onliner.by/catalog/device/header/ca454779ad0dab23dd2e817afe29f69c.jpeg"", ""Наушники QCY T12"", ""беспроводные наушники с микрофоном, вставные, портативные, Bluetooth, 20-20000 Гц, время работы 4 ч, с кейсом 20 ч""]","[""no-image"", ""Наушники Panasonic RZ-NJ320BGEK"", ""беспроводные наушники с микрофоном, внутриканальные, портативные, Bluetooth, 20-20000 Гц, быстрая зарядка, время работы 18 ч""]","[""https://content2.onliner.by/catalog/device/header/0b5b4ec1c521ffd52ed3e4b47df4618b.jpeg"", ""Наушники Realme Buds Air 2 (белый)"", ""беспроводные наушники с микрофоном, внутриканальные, портативные, Bluetooth, 20-20000 Гц, быстрая зарядка, время работы 5 ч, с кейсом 25 ч, активное шумоподавление""]","[""https://content2.onliner.by/catalog/device/header/228e1804e8039f5783bc2db52cbd3a6a.jpeg"", ""Наушники AccesStyle Gradus TWS (черный)"", ""беспроводные наушники с микрофоном, внутриканальные, портативные, Bluetooth, 20-20000 Гц, время работы 9 ч""]","[""https://content2.onliner.by/catalog/device/header/b3f38e92c99e1062ba43d92160aa919a.jpeg"", ""Наушники SteelSeries Arctis 3 2019 Edition (черный)"", ""наушники с микрофоном, мониторные (охватывающие), геймерские, 20-20000 Гц, поворотные чашки, кабель 1.2 м""]","[""https://content2.onliner.by/catalog/device/header/7dc312ce791efccb017806eccac86844.jpeg"", ""Наушники HyperX Cloud II (темно-серый)"", ""наушники с микрофоном, мониторные (охватывающие), геймерские, 15-25000 Гц, кабель 1 м""]","[""https://content2.onliner.by/catalog/device/header/a1d4983ba79d181026804f7669e57bea.jpeg"", ""Наушники Samsung EO-IA500 (черный)"", ""наушники с микрофоном, внутриканальные, портативные, 20-20000 Гц, кабель 1.2 м""]","[""https://content2.onliner.by/catalog/device/header/2b983d1ade8efeae5c0d1a6b112d9098.jpeg"", ""Наушники JBL Tune 590BT (белый)"", ""беспроводные наушники с микрофоном, накладные, портативные, Bluetooth, 20-20000 Гц, поворотные чашки/складное оголовье, быстрая зарядка, время работы 16 ч""]"
"[""https://content2.onliner.by/catalog/device/header/f2f8a5f9c8b9a75fc93f9ea2a2b6885b.jpeg"", ""Погружной блендер Bosch MSM2650B"", ""600 Вт, 1 скорость""]","[""https://content2.onliner.by/catalog/device/header/2aae003fa22a349a1d1b1fad69ceb647.jpeg"", ""Погружной блендер Redmond RHB-2967"", ""1300 Вт, 1 скорость""]","[""https://content2.onliner.by/catalog/device/header/0037e6b40f576a7deb5b5acbeadf2dce.jpeg"", ""Погружной блендер Braun MultiQuick 3 Vario MQ 3135 Sauce"", ""900 Вт, 11 скоростей, многоступенчатая регулировка скорости""]","[""https://content2.onliner.by/catalog/device/header/00052ecaf537e997576f174b9f1c33e0.jpeg"", ""Погружной блендер Normann AHB-812"", ""1200 Вт, многоступенчатая регулировка скорости""]","[""https://content2.onliner.by/catalog/device/header/7560292ad5902e9545ef05f61bde81dc.jpeg"", ""Погружной блендер Vitek VT-3412 W"", ""800 Вт, 2 скорости""]","[""https://content2.onliner.by/catalog/device/header/b58e9aae81f29e848b097e32a70ee7df.jpeg"", ""Погружной блендер Bosch MS6CB61V5"", ""1000 Вт, 12 скоростей, многоступенчатая регулировка скорости""]","[""https://content2.onliner.by/catalog/device/header/81e67ae359e095c904c106bf71fd6bba.jpeg"", ""Погружной блендер Bosch ErgoMixx MS6CA41H50"", ""800 Вт, 12 скоростей, многоступенчатая регулировка скорости""]","[""https://content2.onliner.by/catalog/device/header/83fac57d96c48fd58ddfdca10a64374f.jpeg"", ""Погружной блендер Bosch MS61A4110"", ""800 Вт, 12 скоростей, многоступенчатая регулировка скорости""]","[""https://content2.onliner.by/catalog/device/header/684a02674ed349802a35498da329dc85.jpeg"", ""Погружной блендер Bosch MSM67160"", ""750 Вт, 12 скоростей, многоступенчатая регулировка скорости""]","[""https://content2.onliner.by/catalog/device/header/b374acccd9492f116121906a628467dd.jpeg"", ""Погружной блендер Normann AHB-472"", ""750 Вт, многоступенчатая регулировка скорости""]","[""https://content2.onliner.by/catalog/device/header/fca36bd124ec6530cadd48629c7a8594.jpeg"", ""Стационарный блендер Bosch MMB42G0B"", ""700 Вт, чаша стеклянная, 1.5 л, 2 скорости""]","[""https://content2.onliner.by/catalog/device/header/fb52a6fdb7a975f385d9921f984eb115.jpeg"", ""Погружной блендер Moulinex Optichef DD64H110"", ""800 Вт, 20 скоростей, многоступенчатая регулировка скорости""]","[""https://content2.onliner.by/catalog/device/header/fa2687dfdf92304cfdae7004b87b15fe.jpeg"", ""Погружной блендер Moulinex InfinyForce Pro DD95MD10"", ""1200 Вт, многоступенчатая регулировка скорости""]","[""https://content2.onliner.by/catalog/device/header/36894f26bd835d7f926959c64f258c99.jpeg"", ""Погружной блендер Moulinex DD833810"", ""600 Вт, 16 скоростей, многоступенчатая регулировка скорости""]","[""https://content2.onliner.by/catalog/device/header/7cb7fcc66c286f7134142dd0dfacc5d2.jpeg"", ""Погружной блендер Vitek VT-3425"", ""1000 Вт, многоступенчатая регулировка скорости""]","[""https://content2.onliner.by/catalog/device/header/cac2eb714a9958052822aab25bc40e1a.jpeg"", ""Стационарный блендер Vitek VT-8512"", ""700 Вт, чаша стеклянная, 1.5 л, 4 скорости, многоступенчатая регулировка скорости""]","[""https://content2.onliner.by/catalog/device/header/24b9b5902047792ace4640447e19f3ed.jpeg"", ""Погружной блендер Braun MQ 9045 X"", ""1000 Вт, многоступенчатая регулировка скорости""]","[""https://content2.onliner.by/catalog/device/header/1813afcec382ab94e388284c5f58eb92.jpeg"", ""Погружной блендер Vitek VT-8502"", ""1000 Вт, 1 скорость""]","[""https://content2.onliner.by/catalog/device/header/22b7ac744e85b14be9bd436573b0df02.jpeg"", ""Стационарный блендер Kitfort KT-3034-4"", ""350 Вт, чаша пластиковая, 1 л, 1 скорость""]","[""https://content2.onliner.by/catalog/device/header/2ffc5da63deab4f6cfc5e179e6ac22f0.jpeg"", ""Портативный блендер Deerma DEM-NU06 Blue"", ""140 Вт, чаша пластиковая, 0.4 л, 1 скорость""]","[""https://content2.onliner.by/catalog/device/header/6fbecef4916346278f6a243643267da6.jpeg"", ""Стационарный блендер Electrolux ESB2700"", ""400 Вт, чаша пластиковая, 0.6 л, 2 скорости""]","[""https://content2.onliner.by/catalog/device/header/4e456ed1a20b31a97390944a9c7c9780.jpeg"", ""Погружной блендер Normann AHB-311"", ""600 Вт, 2 скорости""]","[""https://content2.onliner.by/catalog/device/header/c7fa9b8bab75ab1bae77e851d79ed5fb.jpg"", ""Погружной блендер CENTEK CT-1310 Белый"", ""1200 Вт, многоступенчатая регулировка скорости""]","[""https://content2.onliner.by/catalog/device/header/11e0cafa15a1ea6f4344fc7c126bfdb8.jpeg"", ""Погружной блендер Oursson HB6070/RD"", ""600 Вт, 13 скоростей, многоступенчатая регулировка скорости""]","[""https://content2.onliner.by/catalog/device/header/c839917f2d58581ffcba2eb9a194e715.jpeg"", ""Стационарный блендер Philips HR2604/80"", ""350 Вт, чаша пластиковая, 0.6 л, 2 скорости""]","[""https://content2.onliner.by/catalog/device/header/e63e8444a516e5dcb61cb4aad857344b.jpeg"", ""Стационарный блендер Marta MT-1569 (красный рубин)"", ""800 Вт, чаша стеклянная, 1.2 л, 2 скорости""]","[""https://content2.onliner.by/catalog/device/header/b3efad9fc78facb15385af41a998b892.jpeg"", ""Погружной блендер Sakura SA-6248SW"", ""600 Вт, 2 скорости""]","[""https://content2.onliner.by/catalog/device/header/f9570134b94308a646d2f47ff02f7dcb.jpeg"", ""Погружной блендер Vitek VT-3419 W"", ""800 Вт, 2 скорости""]","[""https://content2.onliner.by/catalog/device/header/c39b2b769097dcfcf259c4544d5133d8.jpeg"", ""Стационарный блендер Polaris PTB 0822G"", ""750 Вт, чаша стеклянная, 1.5 л, 4 скорости, многоступенчатая регулировка скорости""]","[""https://content2.onliner.by/catalog/device/header/5596d35cb9b1b0d4c57e2eda7032ad94.jpeg"", ""Погружной блендер Normann AHB-732"", ""1000 Вт, чаша пластиковая, 0.8 л, многоступенчатая регулировка скорости""]"
"[""https://content2.onliner.by/catalog/device/header/2bee6c7997dff5c6d1accfc0790b7475.jpeg"", ""Телевизор KIVI 50U710KB"", ""50\"" 3840x2160 (4K UHD), матрица VA, частота матрицы 60 Гц, Smart TV (Android TV), HDR, Wi-Fi""]","[""https://content2.onliner.by/catalog/device/header/b59d8a7492bf2ca963f0ad14b6bfd05f.jpeg"", ""Телевизор LG 75UP78006LC"", ""75\"" 3840x2160 (4K UHD), матрица IPS, частота матрицы 60 Гц, Smart TV (LG webOS), HDR, Wi-Fi""]","[""https://content2.onliner.by/catalog/device/header/a8de705e7f05a5745188d03eba8f2547.jpeg"", ""Телевизор LG 70UP81006LA"", ""70\"" 3840x2160 (4K UHD), матрица VA, частота матрицы 60 Гц, Smart TV (LG webOS), HDR, Wi-Fi""]","[""https://content2.onliner.by/catalog/device/header/ae84aafc75ed2d79e34f928e011e21de.jpeg"", ""Телевизор Xiaomi MI TV P1 55\"" (международная версия)"", ""55\"" 3840x2160 (4K UHD), частота матрицы 60 Гц, Smart TV (Android TV), HDR, Wi-Fi""]","[""https://content2.onliner.by/catalog/device/header/590fba1061ead59593c00a9c574d7436.jpeg"", ""Телевизор Samsung QE75Q70AAU"", ""75\"" 3840x2160 (4K UHD), частота матрицы 120 Гц, индекс динамичных сцен 3400, Smart TV (Samsung Tizen), HDR, Wi-Fi""]","[""no-image"", ""Телевизор Samsung UE43AU9070U"", ""43\"" 3840x2160 (4K UHD), матрица VA, частота матрицы 60 Гц, индекс динамичных сцен 2800, Smart TV (Samsung Tizen), HDR, Wi-Fi""]","[""no-image"", ""Телевизор Samsung UE50AU7560U"", ""50\"" 3840x2160 (4K UHD), частота матрицы 60 Гц, индекс динамичных сцен 2000, Smart TV (Samsung Tizen), HDR, Wi-Fi""]","[""no-image"", ""Телевизор KIVI 43U600KD"", ""43\"" 3840x2160 (4K UHD), матрица IPS, частота матрицы 60 Гц, Smart TV (Android TV), HDR, Wi-Fi""]","[""https://content2.onliner.by/catalog/device/header/0c4d4571231354121bc50a0eb76e5c95.jpeg"", ""OLED телевизор LG OLED48CXRLA"", ""48\"" 3840x2160 (4K UHD), матрица OLED, частота матрицы 120 Гц, Smart TV (LG webOS), HDR, Wi-Fi""]","[""https://content2.onliner.by/catalog/device/header/b2b06b307245707d7102005f79a72dc7.jpeg"", ""Телевизор Sony KD-65XH9077"", ""64.5\"" 3840x2160 (4K UHD), матрица VA, частота матрицы 120 Гц, Smart TV (Android TV), HDR, Wi-Fi""]","[""no-image"", ""OLED телевизор Sony XR-65A80J"", ""65\"" 3840x2160 (4K UHD), матрица OLED, частота матрицы 120 Гц, Smart TV (Android TV), HDR, Wi-Fi""]","[""https://content2.onliner.by/catalog/device/header/233fa7120f707a3e174bdcacf8c63ed5.jpeg"", ""Телевизор Samsung UE50AU7570U"", ""50\"" 3840x2160 (4K UHD), частота матрицы 60 Гц, индекс динамичных сцен 2000, Smart TV (Samsung Tizen), HDR, Wi-Fi""]","[""no-image"", ""OLED телевизор LG OLED65G1RLA"", ""65\"" 3840x2160 (4K UHD), матрица OLED, частота матрицы 120 Гц, Smart TV (LG webOS), HDR, Wi-Fi""]","[""no-image"", ""Телевизор Samsung UE43AU7160U"", ""43\"" 3840x2160 (4K UHD), матрица VA, частота матрицы 60 Гц, индекс динамичных сцен 2000, Smart TV (Samsung Tizen), HDR, Wi-Fi""]","[""https://content2.onliner.by/catalog/device/header/4460c8a789a13aabc23fdb730b3b8319.jpeg"", ""Телевизор Thomson T43USM7020"", ""43\"" 3840x2160 (4K UHD), матрица VA, частота матрицы 60 Гц, Smart TV (Android TV), HDR, Wi-Fi""]","[""https://content2.onliner.by/catalog/device/header/233fa7120f707a3e174bdcacf8c63ed5.jpeg"", ""Телевизор Samsung UE43AU7540U"", ""43\"" 3840x2160 (4K UHD), частота матрицы 60 Гц, индекс динамичных сцен 2000, Smart TV (Samsung Tizen), HDR, Wi-Fi""]","[""no-image"", ""Телевизор TCL 43P615"", ""43\"" 3840x2160 (4K UHD), частота матрицы 60 Гц, Smart TV (Android TV), HDR, Wi-Fi""]","[""https://content2.onliner.by/catalog/device/header/2ada26177f06889ff016da5a14692b13.jpeg"", ""Телевизор Thomson T58USL7000"", ""58\"" 3840x2160 (4K UHD), матрица VA, частота матрицы 60 Гц, Smart TV (Android TV), Wi-Fi""]","[""no-image"", ""Телевизор Samsung UE70AU7100U"", ""70\"" 3840x2160 (4K UHD), матрица VA, частота матрицы 60 Гц, индекс динамичных сцен 2000, Smart TV (Samsung Tizen), HDR, Wi-Fi""]","[""https://content2.onliner.by/catalog/device/header/0fe842a1dfe6000250cd701a81660eea.jpeg"", ""Телевизор Samsung QE50LS03AAU"", ""50\"" 3840x2160 (4K UHD), матрица VA, частота матрицы 60 Гц, индекс динамичных сцен 3400, Smart TV (Samsung Tizen), HDR, Wi-Fi""]","[""https://content2.onliner.by/catalog/device/header/e8ec998fc4c80963f9a0bf0723b2e4d3.jpeg"", ""Телевизор Blaupunkt 65UN265T"", ""65\"" 3840x2160 (4K UHD), матрица VA, частота матрицы 60 Гц, Smart TV (Android TV), HDR, Wi-Fi""]","[""https://content2.onliner.by/catalog/device/header/33d3f14172304558c8a561a3052aca30.jpeg"", ""Телевизор Витязь 24LH1105"", ""24\"" 1366x768 (HD), матрица VA, частота матрицы 60 Гц, Smart TV (Android), Wi-Fi""]","[""https://content2.onliner.by/catalog/device/header/ea0228f06ba787e6c7012e014d2aa1ba.jpeg"", ""OLED телевизор LG OLED77GXRLA"", ""77\"" 3840x2160 (4K UHD), матрица OLED, частота матрицы 120 Гц, Smart TV (LG webOS), HDR, Wi-Fi""]","[""https://content2.onliner.by/catalog/device/header/69210a37613a0d928cd50216f10e508d.jpeg"", ""Телевизор Samsung UE65AU7170U"", ""65\"" 3840x2160 (4K UHD), матрица VA, частота матрицы 60 Гц, индекс динамичных сцен 2000, Smart TV (Samsung Tizen), HDR, Wi-Fi""]","[""https://content2.onliner.by/catalog/device/header/f639c29293d22c04d67e71ecdd95a61e.jpeg"", ""Телевизор Samsung QE75Q900TSU"", ""75\"" 7680x4320 (8K UHD), матрица VA, частота матрицы 120 Гц, индекс динамичных сцен 4700, Smart TV (Samsung Tizen), HDR, Wi-Fi""]","[""https://content2.onliner.by/catalog/device/header/46b9485ab638a185cda7ec73ab8298c3.jpeg"", ""Телевизор Skyworth 58G2A"", ""58\"" 3840x2160 (4K UHD), частота матрицы 60 Гц, Smart TV (Android TV), Wi-Fi""]"
"[""https://content2.onliner.by/catalog/device/header/e74c5d7abbf809e7eea208d30868eb10.jpeg"", ""Отпариватель Philips GC299/40"", ""отпариватель, ручной, 1000 Вт, резервуар: 0.07 л""]","[""https://content2.onliner.by/catalog/device/header/d3564d94fb6f6ab42139f65909a61a82.jpeg"", ""Отпариватель Tefal Access Steam First DT6132E0"", ""отпариватель, ручной, 1300 Вт, резервуар: 0.07 л""]","[""https://content2.onliner.by/catalog/device/header/9229296f10d915c5ba16d1877a57faff.jpeg"", ""Отпариватель Tefal Access Steam DT8135E0"", ""отпариватель, ручной, 1600 Вт, резервуар: 0.19 л""]","[""https://content2.onliner.by/catalog/device/header/cb4da4dea269911def7b1455d543c7cf.jpeg"", ""Отпариватель Xiaomi Handheld Ironing Machine MJGTJ01LF"", ""отпариватель, ручной, 1200 Вт, резервуар: 0.16 л""]","[""https://content2.onliner.by/catalog/device/header/572942df9290915ef77e432271be47bc.jpeg"", ""Отпариватель Kitfort KT-929-2"", ""отпариватель, ручной, 1500 Вт, резервуар: 0.24 л""]","[""https://content2.onliner.by/catalog/device/header/925f1a14b48b1a5c1da590a64d511eeb.jpeg"", ""Отпариватель Philips GC514/40"", ""отпариватель, напольный, 1600 Вт, резервуар: 1.6 л""]","[""https://content2.onliner.by/catalog/device/header/e4db6ba2e4f7cadde7d901481b09c228.jpeg"", ""Отпариватель Tefal IT3460E0"", ""отпариватель, напольный, 1800 Вт, резервуар: 1.5 л""]","[""https://content2.onliner.by/catalog/device/header/f8631bc34f19b6c03bf891130b5d9941.jpeg"", ""Отпариватель Galaxy GL6194"", ""отпариватель, ручной, 1300 Вт, резервуар: 0.3 л""]","[""https://content2.onliner.by/catalog/device/header/0354e6b8b12d76f8b0e9183d6e01bfe2.jpeg"", ""Отпариватель Tefal Ixeo+ QT1510E0"", ""отпариватель, напольный, 2980 Вт, резервуар: 1 л""]","[""https://content2.onliner.by/catalog/device/header/4c39b4a73c7e517f04694578d39c3c67.jpeg"", ""Отпариватель Scarlett SC-GS135S09"", ""отпариватель, ручной, 1500 Вт, резервуар: 0.28 л""]","[""https://content2.onliner.by/catalog/device/header/c634beb40526f74ff542d19ba859d240.jpeg"", ""Отпариватель Gelberk GL-760"", ""отпариватель, напольный, 2000 Вт, резервуар: 1.5 л""]","[""https://content2.onliner.by/catalog/device/header/bacac4270bf1346472f4dfd58ed39246.jpeg"", ""Отпариватель Sakura SA-3921AW"", ""отпариватель, ручной, 1200 Вт, резервуар: 0.12 л""]","[""https://content2.onliner.by/catalog/device/header/71c27ad1bd1b2adb6d6ed5e12a386894.jpeg"", ""Отпариватель Vixter GSV-2000"", ""отпариватель, напольный, 1580 Вт, резервуар: 1.4 л""]","[""https://content2.onliner.by/catalog/device/header/5f3aa1586731f20711761fa55a099876.jpeg"", ""Отпариватель Philips GC486/30"", ""отпариватель, напольный, 1800 Вт, резервуар: 1.4 л""]","[""https://content2.onliner.by/catalog/device/header/ed9aa85cf9ac5678bcb3fca2bfa62f92.jpeg"", ""Отпариватель StarWind SVG3220"", ""отпариватель, напольный, 1800 Вт, резервуар: 1.6 л""]","[""https://content2.onliner.by/catalog/device/header/18695e296e088dddf8fd68d769b00e1c.jpeg"", ""Отпариватель Scarlett SC-GS135S02"", ""отпариватель, ручной, 1400 Вт, резервуар: 0.22 л""]"
